--
-- PostgreSQL database cluster dump
--

SET default_transaction_read_only = off;

SET client_encoding = 'UTF8';
SET standard_conforming_strings = on;

--
-- Drop databases
--





--
-- Drop roles
--

DROP ROLE postgres;


--
-- Roles
--

CREATE ROLE postgres;
ALTER ROLE postgres WITH SUPERUSER INHERIT CREATEROLE CREATEDB LOGIN REPLICATION BYPASSRLS;






--
-- Database creation
--

REVOKE CONNECT,TEMPORARY ON DATABASE template1 FROM PUBLIC;
GRANT CONNECT ON DATABASE template1 TO PUBLIC;


\connect postgres

SET default_transaction_read_only = off;

--
-- PostgreSQL database dump
--

-- Dumped from database version 10.1
-- Dumped by pg_dump version 10.1

SET statement_timeout = 0;
SET lock_timeout = 0;
SET idle_in_transaction_session_timeout = 0;
SET client_encoding = 'UTF8';
SET standard_conforming_strings = on;
SET check_function_bodies = false;
SET client_min_messages = warning;
SET row_security = off;

--
-- Name: postgres; Type: COMMENT; Schema: -; Owner: postgres
--

COMMENT ON DATABASE postgres IS 'default administrative connection database';


--
-- Name: plpgsql; Type: EXTENSION; Schema: -; Owner: 
--

CREATE EXTENSION IF NOT EXISTS plpgsql WITH SCHEMA pg_catalog;


--
-- Name: EXTENSION plpgsql; Type: COMMENT; Schema: -; Owner: 
--

COMMENT ON EXTENSION plpgsql IS 'PL/pgSQL procedural language';


SET search_path = public, pg_catalog;

SET default_tablespace = '';

SET default_with_oids = false;

--
-- Name: auth_group; Type: TABLE; Schema: public; Owner: postgres
--

CREATE TABLE auth_group (
    id integer NOT NULL,
    name character varying(80) NOT NULL
);


ALTER TABLE auth_group OWNER TO postgres;

--
-- Name: auth_group_id_seq; Type: SEQUENCE; Schema: public; Owner: postgres
--

CREATE SEQUENCE auth_group_id_seq
    AS integer
    START WITH 1
    INCREMENT BY 1
    NO MINVALUE
    NO MAXVALUE
    CACHE 1;


ALTER TABLE auth_group_id_seq OWNER TO postgres;

--
-- Name: auth_group_id_seq; Type: SEQUENCE OWNED BY; Schema: public; Owner: postgres
--

ALTER SEQUENCE auth_group_id_seq OWNED BY auth_group.id;


--
-- Name: auth_group_permissions; Type: TABLE; Schema: public; Owner: postgres
--

CREATE TABLE auth_group_permissions (
    id integer NOT NULL,
    group_id integer NOT NULL,
    permission_id integer NOT NULL
);


ALTER TABLE auth_group_permissions OWNER TO postgres;

--
-- Name: auth_group_permissions_id_seq; Type: SEQUENCE; Schema: public; Owner: postgres
--

CREATE SEQUENCE auth_group_permissions_id_seq
    AS integer
    START WITH 1
    INCREMENT BY 1
    NO MINVALUE
    NO MAXVALUE
    CACHE 1;


ALTER TABLE auth_group_permissions_id_seq OWNER TO postgres;

--
-- Name: auth_group_permissions_id_seq; Type: SEQUENCE OWNED BY; Schema: public; Owner: postgres
--

ALTER SEQUENCE auth_group_permissions_id_seq OWNED BY auth_group_permissions.id;


--
-- Name: auth_permission; Type: TABLE; Schema: public; Owner: postgres
--

CREATE TABLE auth_permission (
    id integer NOT NULL,
    name character varying(255) NOT NULL,
    content_type_id integer NOT NULL,
    codename character varying(100) NOT NULL
);


ALTER TABLE auth_permission OWNER TO postgres;

--
-- Name: auth_permission_id_seq; Type: SEQUENCE; Schema: public; Owner: postgres
--

CREATE SEQUENCE auth_permission_id_seq
    AS integer
    START WITH 1
    INCREMENT BY 1
    NO MINVALUE
    NO MAXVALUE
    CACHE 1;


ALTER TABLE auth_permission_id_seq OWNER TO postgres;

--
-- Name: auth_permission_id_seq; Type: SEQUENCE OWNED BY; Schema: public; Owner: postgres
--

ALTER SEQUENCE auth_permission_id_seq OWNED BY auth_permission.id;


--
-- Name: auth_user; Type: TABLE; Schema: public; Owner: postgres
--

CREATE TABLE auth_user (
    id integer NOT NULL,
    password character varying(128) NOT NULL,
    last_login timestamp with time zone,
    is_superuser boolean NOT NULL,
    username character varying(150) NOT NULL,
    first_name character varying(30) NOT NULL,
    last_name character varying(30) NOT NULL,
    email character varying(254) NOT NULL,
    is_staff boolean NOT NULL,
    is_active boolean NOT NULL,
    date_joined timestamp with time zone NOT NULL
);


ALTER TABLE auth_user OWNER TO postgres;

--
-- Name: auth_user_groups; Type: TABLE; Schema: public; Owner: postgres
--

CREATE TABLE auth_user_groups (
    id integer NOT NULL,
    user_id integer NOT NULL,
    group_id integer NOT NULL
);


ALTER TABLE auth_user_groups OWNER TO postgres;

--
-- Name: auth_user_groups_id_seq; Type: SEQUENCE; Schema: public; Owner: postgres
--

CREATE SEQUENCE auth_user_groups_id_seq
    AS integer
    START WITH 1
    INCREMENT BY 1
    NO MINVALUE
    NO MAXVALUE
    CACHE 1;


ALTER TABLE auth_user_groups_id_seq OWNER TO postgres;

--
-- Name: auth_user_groups_id_seq; Type: SEQUENCE OWNED BY; Schema: public; Owner: postgres
--

ALTER SEQUENCE auth_user_groups_id_seq OWNED BY auth_user_groups.id;


--
-- Name: auth_user_id_seq; Type: SEQUENCE; Schema: public; Owner: postgres
--

CREATE SEQUENCE auth_user_id_seq
    AS integer
    START WITH 1
    INCREMENT BY 1
    NO MINVALUE
    NO MAXVALUE
    CACHE 1;


ALTER TABLE auth_user_id_seq OWNER TO postgres;

--
-- Name: auth_user_id_seq; Type: SEQUENCE OWNED BY; Schema: public; Owner: postgres
--

ALTER SEQUENCE auth_user_id_seq OWNED BY auth_user.id;


--
-- Name: auth_user_user_permissions; Type: TABLE; Schema: public; Owner: postgres
--

CREATE TABLE auth_user_user_permissions (
    id integer NOT NULL,
    user_id integer NOT NULL,
    permission_id integer NOT NULL
);


ALTER TABLE auth_user_user_permissions OWNER TO postgres;

--
-- Name: auth_user_user_permissions_id_seq; Type: SEQUENCE; Schema: public; Owner: postgres
--

CREATE SEQUENCE auth_user_user_permissions_id_seq
    AS integer
    START WITH 1
    INCREMENT BY 1
    NO MINVALUE
    NO MAXVALUE
    CACHE 1;


ALTER TABLE auth_user_user_permissions_id_seq OWNER TO postgres;

--
-- Name: auth_user_user_permissions_id_seq; Type: SEQUENCE OWNED BY; Schema: public; Owner: postgres
--

ALTER SEQUENCE auth_user_user_permissions_id_seq OWNED BY auth_user_user_permissions.id;


--
-- Name: django_admin_log; Type: TABLE; Schema: public; Owner: postgres
--

CREATE TABLE django_admin_log (
    id integer NOT NULL,
    action_time timestamp with time zone NOT NULL,
    object_id text,
    object_repr character varying(200) NOT NULL,
    action_flag smallint NOT NULL,
    change_message text NOT NULL,
    content_type_id integer,
    user_id integer NOT NULL,
    CONSTRAINT django_admin_log_action_flag_check CHECK ((action_flag >= 0))
);


ALTER TABLE django_admin_log OWNER TO postgres;

--
-- Name: django_admin_log_id_seq; Type: SEQUENCE; Schema: public; Owner: postgres
--

CREATE SEQUENCE django_admin_log_id_seq
    AS integer
    START WITH 1
    INCREMENT BY 1
    NO MINVALUE
    NO MAXVALUE
    CACHE 1;


ALTER TABLE django_admin_log_id_seq OWNER TO postgres;

--
-- Name: django_admin_log_id_seq; Type: SEQUENCE OWNED BY; Schema: public; Owner: postgres
--

ALTER SEQUENCE django_admin_log_id_seq OWNED BY django_admin_log.id;


--
-- Name: django_content_type; Type: TABLE; Schema: public; Owner: postgres
--

CREATE TABLE django_content_type (
    id integer NOT NULL,
    app_label character varying(100) NOT NULL,
    model character varying(100) NOT NULL
);


ALTER TABLE django_content_type OWNER TO postgres;

--
-- Name: django_content_type_id_seq; Type: SEQUENCE; Schema: public; Owner: postgres
--

CREATE SEQUENCE django_content_type_id_seq
    AS integer
    START WITH 1
    INCREMENT BY 1
    NO MINVALUE
    NO MAXVALUE
    CACHE 1;


ALTER TABLE django_content_type_id_seq OWNER TO postgres;

--
-- Name: django_content_type_id_seq; Type: SEQUENCE OWNED BY; Schema: public; Owner: postgres
--

ALTER SEQUENCE django_content_type_id_seq OWNED BY django_content_type.id;


--
-- Name: django_migrations; Type: TABLE; Schema: public; Owner: postgres
--

CREATE TABLE django_migrations (
    id integer NOT NULL,
    app character varying(255) NOT NULL,
    name character varying(255) NOT NULL,
    applied timestamp with time zone NOT NULL
);


ALTER TABLE django_migrations OWNER TO postgres;

--
-- Name: django_migrations_id_seq; Type: SEQUENCE; Schema: public; Owner: postgres
--

CREATE SEQUENCE django_migrations_id_seq
    AS integer
    START WITH 1
    INCREMENT BY 1
    NO MINVALUE
    NO MAXVALUE
    CACHE 1;


ALTER TABLE django_migrations_id_seq OWNER TO postgres;

--
-- Name: django_migrations_id_seq; Type: SEQUENCE OWNED BY; Schema: public; Owner: postgres
--

ALTER SEQUENCE django_migrations_id_seq OWNED BY django_migrations.id;


--
-- Name: django_session; Type: TABLE; Schema: public; Owner: postgres
--

CREATE TABLE django_session (
    session_key character varying(40) NOT NULL,
    session_data text NOT NULL,
    expire_date timestamp with time zone NOT NULL
);


ALTER TABLE django_session OWNER TO postgres;

--
-- Name: oauth2_provider_accesstoken_id_seq; Type: SEQUENCE; Schema: public; Owner: postgres
--

CREATE SEQUENCE oauth2_provider_accesstoken_id_seq
    START WITH 1
    INCREMENT BY 1
    NO MINVALUE
    NO MAXVALUE
    CACHE 1;


ALTER TABLE oauth2_provider_accesstoken_id_seq OWNER TO postgres;

--
-- Name: oauth2_provider_accesstoken; Type: TABLE; Schema: public; Owner: postgres
--

CREATE TABLE oauth2_provider_accesstoken (
    id bigint DEFAULT nextval('oauth2_provider_accesstoken_id_seq'::regclass) NOT NULL,
    token character varying(255) NOT NULL,
    expires timestamp with time zone NOT NULL,
    scope text NOT NULL,
    application_id bigint,
    user_id integer,
    created timestamp with time zone NOT NULL,
    updated timestamp with time zone NOT NULL
);


ALTER TABLE oauth2_provider_accesstoken OWNER TO postgres;

--
-- Name: oauth2_provider_application_id_seq; Type: SEQUENCE; Schema: public; Owner: postgres
--

CREATE SEQUENCE oauth2_provider_application_id_seq
    START WITH 1
    INCREMENT BY 1
    NO MINVALUE
    NO MAXVALUE
    CACHE 1;


ALTER TABLE oauth2_provider_application_id_seq OWNER TO postgres;

--
-- Name: oauth2_provider_application; Type: TABLE; Schema: public; Owner: postgres
--

CREATE TABLE oauth2_provider_application (
    id bigint DEFAULT nextval('oauth2_provider_application_id_seq'::regclass) NOT NULL,
    client_id character varying(100) NOT NULL,
    redirect_uris text NOT NULL,
    client_type character varying(32) NOT NULL,
    authorization_grant_type character varying(32) NOT NULL,
    client_secret character varying(255) NOT NULL,
    name character varying(255) NOT NULL,
    user_id integer,
    skip_authorization boolean NOT NULL,
    created timestamp with time zone NOT NULL,
    updated timestamp with time zone NOT NULL
);


ALTER TABLE oauth2_provider_application OWNER TO postgres;

--
-- Name: oauth2_provider_grant_id_seq; Type: SEQUENCE; Schema: public; Owner: postgres
--

CREATE SEQUENCE oauth2_provider_grant_id_seq
    START WITH 1
    INCREMENT BY 1
    NO MINVALUE
    NO MAXVALUE
    CACHE 1;


ALTER TABLE oauth2_provider_grant_id_seq OWNER TO postgres;

--
-- Name: oauth2_provider_grant; Type: TABLE; Schema: public; Owner: postgres
--

CREATE TABLE oauth2_provider_grant (
    id bigint DEFAULT nextval('oauth2_provider_grant_id_seq'::regclass) NOT NULL,
    code character varying(255) NOT NULL,
    expires timestamp with time zone NOT NULL,
    redirect_uri character varying(255) NOT NULL,
    scope text NOT NULL,
    application_id bigint NOT NULL,
    user_id integer NOT NULL,
    created timestamp with time zone NOT NULL,
    updated timestamp with time zone NOT NULL
);


ALTER TABLE oauth2_provider_grant OWNER TO postgres;

--
-- Name: oauth2_provider_refreshtoken_id_seq; Type: SEQUENCE; Schema: public; Owner: postgres
--

CREATE SEQUENCE oauth2_provider_refreshtoken_id_seq
    START WITH 1
    INCREMENT BY 1
    NO MINVALUE
    NO MAXVALUE
    CACHE 1;


ALTER TABLE oauth2_provider_refreshtoken_id_seq OWNER TO postgres;

--
-- Name: oauth2_provider_refreshtoken; Type: TABLE; Schema: public; Owner: postgres
--

CREATE TABLE oauth2_provider_refreshtoken (
    id bigint DEFAULT nextval('oauth2_provider_refreshtoken_id_seq'::regclass) NOT NULL,
    token character varying(255) NOT NULL,
    access_token_id bigint NOT NULL,
    application_id bigint NOT NULL,
    user_id integer NOT NULL,
    created timestamp with time zone NOT NULL,
    updated timestamp with time zone NOT NULL
);


ALTER TABLE oauth2_provider_refreshtoken OWNER TO postgres;

--
-- Name: profiles_profile; Type: TABLE; Schema: public; Owner: postgres
--

CREATE TABLE profiles_profile (
    id integer NOT NULL,
    phone character varying(15),
    user_id integer NOT NULL
);


ALTER TABLE profiles_profile OWNER TO postgres;

--
-- Name: profiles_profile_id_seq; Type: SEQUENCE; Schema: public; Owner: postgres
--

CREATE SEQUENCE profiles_profile_id_seq
    AS integer
    START WITH 1
    INCREMENT BY 1
    NO MINVALUE
    NO MAXVALUE
    CACHE 1;


ALTER TABLE profiles_profile_id_seq OWNER TO postgres;

--
-- Name: profiles_profile_id_seq; Type: SEQUENCE OWNED BY; Schema: public; Owner: postgres
--

ALTER SEQUENCE profiles_profile_id_seq OWNED BY profiles_profile.id;


--
-- Name: auth_group id; Type: DEFAULT; Schema: public; Owner: postgres
--

ALTER TABLE ONLY auth_group ALTER COLUMN id SET DEFAULT nextval('auth_group_id_seq'::regclass);


--
-- Name: auth_group_permissions id; Type: DEFAULT; Schema: public; Owner: postgres
--

ALTER TABLE ONLY auth_group_permissions ALTER COLUMN id SET DEFAULT nextval('auth_group_permissions_id_seq'::regclass);


--
-- Name: auth_permission id; Type: DEFAULT; Schema: public; Owner: postgres
--

ALTER TABLE ONLY auth_permission ALTER COLUMN id SET DEFAULT nextval('auth_permission_id_seq'::regclass);


--
-- Name: auth_user id; Type: DEFAULT; Schema: public; Owner: postgres
--

ALTER TABLE ONLY auth_user ALTER COLUMN id SET DEFAULT nextval('auth_user_id_seq'::regclass);


--
-- Name: auth_user_groups id; Type: DEFAULT; Schema: public; Owner: postgres
--

ALTER TABLE ONLY auth_user_groups ALTER COLUMN id SET DEFAULT nextval('auth_user_groups_id_seq'::regclass);


--
-- Name: auth_user_user_permissions id; Type: DEFAULT; Schema: public; Owner: postgres
--

ALTER TABLE ONLY auth_user_user_permissions ALTER COLUMN id SET DEFAULT nextval('auth_user_user_permissions_id_seq'::regclass);


--
-- Name: django_admin_log id; Type: DEFAULT; Schema: public; Owner: postgres
--

ALTER TABLE ONLY django_admin_log ALTER COLUMN id SET DEFAULT nextval('django_admin_log_id_seq'::regclass);


--
-- Name: django_content_type id; Type: DEFAULT; Schema: public; Owner: postgres
--

ALTER TABLE ONLY django_content_type ALTER COLUMN id SET DEFAULT nextval('django_content_type_id_seq'::regclass);


--
-- Name: django_migrations id; Type: DEFAULT; Schema: public; Owner: postgres
--

ALTER TABLE ONLY django_migrations ALTER COLUMN id SET DEFAULT nextval('django_migrations_id_seq'::regclass);


--
-- Name: profiles_profile id; Type: DEFAULT; Schema: public; Owner: postgres
--

ALTER TABLE ONLY profiles_profile ALTER COLUMN id SET DEFAULT nextval('profiles_profile_id_seq'::regclass);


--
-- Data for Name: auth_group; Type: TABLE DATA; Schema: public; Owner: postgres
--

COPY auth_group (id, name) FROM stdin;
\.


--
-- Data for Name: auth_group_permissions; Type: TABLE DATA; Schema: public; Owner: postgres
--

COPY auth_group_permissions (id, group_id, permission_id) FROM stdin;
\.


--
-- Data for Name: auth_permission; Type: TABLE DATA; Schema: public; Owner: postgres
--

COPY auth_permission (id, name, content_type_id, codename) FROM stdin;
1	Can add log entry	1	add_logentry
2	Can change log entry	1	change_logentry
3	Can delete log entry	1	delete_logentry
4	Can add permission	2	add_permission
5	Can change permission	2	change_permission
6	Can delete permission	2	delete_permission
7	Can add group	3	add_group
8	Can change group	3	change_group
9	Can delete group	3	delete_group
10	Can add user	4	add_user
11	Can change user	4	change_user
12	Can delete user	4	delete_user
13	Can add content type	5	add_contenttype
14	Can change content type	5	change_contenttype
15	Can delete content type	5	delete_contenttype
16	Can add session	6	add_session
17	Can change session	6	change_session
18	Can delete session	6	delete_session
19	Can add application	7	add_application
20	Can change application	7	change_application
21	Can delete application	7	delete_application
22	Can add access token	8	add_accesstoken
23	Can change access token	8	change_accesstoken
24	Can delete access token	8	delete_accesstoken
25	Can add grant	9	add_grant
26	Can change grant	9	change_grant
27	Can delete grant	9	delete_grant
28	Can add refresh token	10	add_refreshtoken
29	Can change refresh token	10	change_refreshtoken
30	Can delete refresh token	10	delete_refreshtoken
31	Can add cors model	11	add_corsmodel
32	Can change cors model	11	change_corsmodel
33	Can delete cors model	11	delete_corsmodel
34	Can add profile	12	add_profile
35	Can change profile	12	change_profile
36	Can delete profile	12	delete_profile
\.


--
-- Data for Name: auth_user; Type: TABLE DATA; Schema: public; Owner: postgres
--

COPY auth_user (id, password, last_login, is_superuser, username, first_name, last_name, email, is_staff, is_active, date_joined) FROM stdin;
1	pbkdf2_sha256$36000$vb4Vwra3pKgn$5ElrN5OATxoQ2rSE70ZJgzMvm3R1LA+9fFpr2FWm2+4=	2018-11-10 00:11:05.663758+00	t	admin			sino@g.ucla.edu	t	t	2018-11-10 00:05:14.372589+00
\.


--
-- Data for Name: auth_user_groups; Type: TABLE DATA; Schema: public; Owner: postgres
--

COPY auth_user_groups (id, user_id, group_id) FROM stdin;
\.


--
-- Data for Name: auth_user_user_permissions; Type: TABLE DATA; Schema: public; Owner: postgres
--

COPY auth_user_user_permissions (id, user_id, permission_id) FROM stdin;
\.


--
-- Data for Name: django_admin_log; Type: TABLE DATA; Schema: public; Owner: postgres
--

COPY django_admin_log (id, action_time, object_id, object_repr, action_flag, change_message, content_type_id, user_id) FROM stdin;
1	2018-11-10 00:22:15.701745+00	3	Profile object	1	[{"added": {}}]	12	1
2	2018-11-12 05:34:41.607661+00	2	test@test.com	3		12	1
3	2018-11-12 05:34:50.498253+00	36	test@test.com	3		4	1
4	2018-11-12 05:35:05.705142+00	3	admin	2	[{"changed": {"fields": ["phone"]}}]	12	1
\.


--
-- Data for Name: django_content_type; Type: TABLE DATA; Schema: public; Owner: postgres
--

COPY django_content_type (id, app_label, model) FROM stdin;
1	admin	logentry
2	auth	permission
3	auth	group
4	auth	user
5	contenttypes	contenttype
6	sessions	session
7	oauth2_provider	application
8	oauth2_provider	accesstoken
9	oauth2_provider	grant
10	oauth2_provider	refreshtoken
11	corsheaders	corsmodel
12	profiles	profile
\.


--
-- Data for Name: django_migrations; Type: TABLE DATA; Schema: public; Owner: postgres
--

COPY django_migrations (id, app, name, applied) FROM stdin;
1	contenttypes	0001_initial	2018-11-10 00:03:28.689554+00
2	auth	0001_initial	2018-11-10 00:03:28.80706+00
3	admin	0001_initial	2018-11-10 00:03:28.83938+00
4	admin	0002_logentry_remove_auto_add	2018-11-10 00:03:28.860008+00
5	contenttypes	0002_remove_content_type_name	2018-11-10 00:03:28.8889+00
6	auth	0002_alter_permission_name_max_length	2018-11-10 00:03:28.90059+00
7	auth	0003_alter_user_email_max_length	2018-11-10 00:03:28.918866+00
8	auth	0004_alter_user_username_opts	2018-11-10 00:03:28.934059+00
9	auth	0005_alter_user_last_login_null	2018-11-10 00:03:28.951415+00
10	auth	0006_require_contenttypes_0002	2018-11-10 00:03:28.955421+00
11	auth	0007_alter_validators_add_error_messages	2018-11-10 00:03:28.970606+00
12	auth	0008_alter_user_username_max_length	2018-11-10 00:03:28.987964+00
13	oauth2_provider	0001_initial	2018-11-10 00:03:29.12793+00
14	oauth2_provider	0002_08_updates	2018-11-10 00:03:29.249388+00
15	oauth2_provider	0003_auto_20160316_1503	2018-11-10 00:03:29.271523+00
16	oauth2_provider	0004_auto_20160525_1623	2018-11-10 00:03:29.342952+00
17	oauth2_provider	0005_auto_20170514_1141	2018-11-10 00:03:29.865579+00
18	sessions	0001_initial	2018-11-10 00:03:29.886384+00
34	profiles	0001_initial	2018-11-10 00:19:52.437037+00
\.


--
-- Data for Name: django_session; Type: TABLE DATA; Schema: public; Owner: postgres
--

COPY django_session (session_key, session_data, expire_date) FROM stdin;
25lbm9dlguwsj03raqi1p4rn9aqv33wy	MzI4YTdhZGMwMDkyMTNjMzFiMjEwYzhjZjY0MjBiYTFmMmE1MWExYTp7Il9hdXRoX3VzZXJfaWQiOiIxIiwiX2F1dGhfdXNlcl9iYWNrZW5kIjoiZGphbmdvLmNvbnRyaWIuYXV0aC5iYWNrZW5kcy5Nb2RlbEJhY2tlbmQiLCJfYXV0aF91c2VyX2hhc2giOiIyM2VhZDVlZWQ5MzY2ZTUzODZlYjkxMjMxMzY5ODVhOGUwMTlkMmRlIn0=	2018-11-24 00:05:34.167754+00
3euqssd4zt178juvdho9zixy06tdcvu1	MzI4YTdhZGMwMDkyMTNjMzFiMjEwYzhjZjY0MjBiYTFmMmE1MWExYTp7Il9hdXRoX3VzZXJfaWQiOiIxIiwiX2F1dGhfdXNlcl9iYWNrZW5kIjoiZGphbmdvLmNvbnRyaWIuYXV0aC5iYWNrZW5kcy5Nb2RlbEJhY2tlbmQiLCJfYXV0aF91c2VyX2hhc2giOiIyM2VhZDVlZWQ5MzY2ZTUzODZlYjkxMjMxMzY5ODVhOGUwMTlkMmRlIn0=	2018-11-24 00:11:05.669964+00
\.


--
-- Data for Name: oauth2_provider_accesstoken; Type: TABLE DATA; Schema: public; Owner: postgres
--

COPY oauth2_provider_accesstoken (id, token, expires, scope, application_id, user_id, created, updated) FROM stdin;
1	FKWBikmeleAgWJrcSjNCsFuYsGIofm	2018-11-10 10:14:33.411907+00	read write groups	1	1	2018-11-10 00:14:33.412419+00	2018-11-10 00:14:33.412435+00
\.


--
-- Data for Name: oauth2_provider_application; Type: TABLE DATA; Schema: public; Owner: postgres
--

COPY oauth2_provider_application (id, client_id, redirect_uris, client_type, authorization_grant_type, client_secret, name, user_id, skip_authorization, created, updated) FROM stdin;
1	OSw0Kd1vaKL7gDh7dNJqnmBB1BtrtwknjKYTAEkp		confidential	password	ZMEjf0oDEhwJETXAm2SI0UaK48aazQO78ZgbNg2tV26kSumTU616yHpIwLpXhbQaXgADSy1oVGZDa53B5GvzRXbc0aQ9W9el9voh7AonCSSHLHcJ1BEksOI09j121R2A	Powered	1	f	2018-11-10 00:13:57.02327+00	2018-11-10 00:13:57.023328+00
\.


--
-- Data for Name: oauth2_provider_grant; Type: TABLE DATA; Schema: public; Owner: postgres
--

COPY oauth2_provider_grant (id, code, expires, redirect_uri, scope, application_id, user_id, created, updated) FROM stdin;
\.


--
-- Data for Name: oauth2_provider_refreshtoken; Type: TABLE DATA; Schema: public; Owner: postgres
--

COPY oauth2_provider_refreshtoken (id, token, access_token_id, application_id, user_id, created, updated) FROM stdin;
1	XlAuPPnXnuGVrWFzp9c7pyCIPUSNL0	1	1	1	2018-11-10 00:14:33.414633+00	2018-11-10 00:14:33.41466+00
\.


--
-- Data for Name: profiles_profile; Type: TABLE DATA; Schema: public; Owner: postgres
--

COPY profiles_profile (id, phone, user_id) FROM stdin;
3	N/A	1
\.


--
-- Name: auth_group_id_seq; Type: SEQUENCE SET; Schema: public; Owner: postgres
--

SELECT pg_catalog.setval('auth_group_id_seq', 1, false);


--
-- Name: auth_group_permissions_id_seq; Type: SEQUENCE SET; Schema: public; Owner: postgres
--

SELECT pg_catalog.setval('auth_group_permissions_id_seq', 1, false);


--
-- Name: auth_permission_id_seq; Type: SEQUENCE SET; Schema: public; Owner: postgres
--

SELECT pg_catalog.setval('auth_permission_id_seq', 66, true);


--
-- Name: auth_user_groups_id_seq; Type: SEQUENCE SET; Schema: public; Owner: postgres
--

SELECT pg_catalog.setval('auth_user_groups_id_seq', 1, false);


--
-- Name: auth_user_id_seq; Type: SEQUENCE SET; Schema: public; Owner: postgres
--

SELECT pg_catalog.setval('auth_user_id_seq', 36, true);


--
-- Name: auth_user_user_permissions_id_seq; Type: SEQUENCE SET; Schema: public; Owner: postgres
--

SELECT pg_catalog.setval('auth_user_user_permissions_id_seq', 1, false);


--
-- Name: django_admin_log_id_seq; Type: SEQUENCE SET; Schema: public; Owner: postgres
--

SELECT pg_catalog.setval('django_admin_log_id_seq', 4, true);


--
-- Name: django_content_type_id_seq; Type: SEQUENCE SET; Schema: public; Owner: postgres
--

SELECT pg_catalog.setval('django_content_type_id_seq', 33, true);


--
-- Name: django_migrations_id_seq; Type: SEQUENCE SET; Schema: public; Owner: postgres
--

SELECT pg_catalog.setval('django_migrations_id_seq', 34, true);


--
-- Name: oauth2_provider_accesstoken_id_seq; Type: SEQUENCE SET; Schema: public; Owner: postgres
--

SELECT pg_catalog.setval('oauth2_provider_accesstoken_id_seq', 1, true);


--
-- Name: oauth2_provider_application_id_seq; Type: SEQUENCE SET; Schema: public; Owner: postgres
--

SELECT pg_catalog.setval('oauth2_provider_application_id_seq', 1, true);


--
-- Name: oauth2_provider_grant_id_seq; Type: SEQUENCE SET; Schema: public; Owner: postgres
--

SELECT pg_catalog.setval('oauth2_provider_grant_id_seq', 1, false);


--
-- Name: oauth2_provider_refreshtoken_id_seq; Type: SEQUENCE SET; Schema: public; Owner: postgres
--

SELECT pg_catalog.setval('oauth2_provider_refreshtoken_id_seq', 1, true);


--
-- Name: profiles_profile_id_seq; Type: SEQUENCE SET; Schema: public; Owner: postgres
--

SELECT pg_catalog.setval('profiles_profile_id_seq', 3, true);


--
-- Name: auth_group auth_group_name_key; Type: CONSTRAINT; Schema: public; Owner: postgres
--

ALTER TABLE ONLY auth_group
    ADD CONSTRAINT auth_group_name_key UNIQUE (name);


--
-- Name: auth_group_permissions auth_group_permissions_group_id_permission_id_0cd325b0_uniq; Type: CONSTRAINT; Schema: public; Owner: postgres
--

ALTER TABLE ONLY auth_group_permissions
    ADD CONSTRAINT auth_group_permissions_group_id_permission_id_0cd325b0_uniq UNIQUE (group_id, permission_id);


--
-- Name: auth_group_permissions auth_group_permissions_pkey; Type: CONSTRAINT; Schema: public; Owner: postgres
--

ALTER TABLE ONLY auth_group_permissions
    ADD CONSTRAINT auth_group_permissions_pkey PRIMARY KEY (id);


--
-- Name: auth_group auth_group_pkey; Type: CONSTRAINT; Schema: public; Owner: postgres
--

ALTER TABLE ONLY auth_group
    ADD CONSTRAINT auth_group_pkey PRIMARY KEY (id);


--
-- Name: auth_permission auth_permission_content_type_id_codename_01ab375a_uniq; Type: CONSTRAINT; Schema: public; Owner: postgres
--

ALTER TABLE ONLY auth_permission
    ADD CONSTRAINT auth_permission_content_type_id_codename_01ab375a_uniq UNIQUE (content_type_id, codename);


--
-- Name: auth_permission auth_permission_pkey; Type: CONSTRAINT; Schema: public; Owner: postgres
--

ALTER TABLE ONLY auth_permission
    ADD CONSTRAINT auth_permission_pkey PRIMARY KEY (id);


--
-- Name: auth_user_groups auth_user_groups_pkey; Type: CONSTRAINT; Schema: public; Owner: postgres
--

ALTER TABLE ONLY auth_user_groups
    ADD CONSTRAINT auth_user_groups_pkey PRIMARY KEY (id);


--
-- Name: auth_user_groups auth_user_groups_user_id_group_id_94350c0c_uniq; Type: CONSTRAINT; Schema: public; Owner: postgres
--

ALTER TABLE ONLY auth_user_groups
    ADD CONSTRAINT auth_user_groups_user_id_group_id_94350c0c_uniq UNIQUE (user_id, group_id);


--
-- Name: auth_user auth_user_pkey; Type: CONSTRAINT; Schema: public; Owner: postgres
--

ALTER TABLE ONLY auth_user
    ADD CONSTRAINT auth_user_pkey PRIMARY KEY (id);


--
-- Name: auth_user_user_permissions auth_user_user_permissions_pkey; Type: CONSTRAINT; Schema: public; Owner: postgres
--

ALTER TABLE ONLY auth_user_user_permissions
    ADD CONSTRAINT auth_user_user_permissions_pkey PRIMARY KEY (id);


--
-- Name: auth_user_user_permissions auth_user_user_permissions_user_id_permission_id_14a6b632_uniq; Type: CONSTRAINT; Schema: public; Owner: postgres
--

ALTER TABLE ONLY auth_user_user_permissions
    ADD CONSTRAINT auth_user_user_permissions_user_id_permission_id_14a6b632_uniq UNIQUE (user_id, permission_id);


--
-- Name: auth_user auth_user_username_key; Type: CONSTRAINT; Schema: public; Owner: postgres
--

ALTER TABLE ONLY auth_user
    ADD CONSTRAINT auth_user_username_key UNIQUE (username);


--
-- Name: django_admin_log django_admin_log_pkey; Type: CONSTRAINT; Schema: public; Owner: postgres
--

ALTER TABLE ONLY django_admin_log
    ADD CONSTRAINT django_admin_log_pkey PRIMARY KEY (id);


--
-- Name: django_content_type django_content_type_app_label_model_76bd3d3b_uniq; Type: CONSTRAINT; Schema: public; Owner: postgres
--

ALTER TABLE ONLY django_content_type
    ADD CONSTRAINT django_content_type_app_label_model_76bd3d3b_uniq UNIQUE (app_label, model);


--
-- Name: django_content_type django_content_type_pkey; Type: CONSTRAINT; Schema: public; Owner: postgres
--

ALTER TABLE ONLY django_content_type
    ADD CONSTRAINT django_content_type_pkey PRIMARY KEY (id);


--
-- Name: django_migrations django_migrations_pkey; Type: CONSTRAINT; Schema: public; Owner: postgres
--

ALTER TABLE ONLY django_migrations
    ADD CONSTRAINT django_migrations_pkey PRIMARY KEY (id);


--
-- Name: django_session django_session_pkey; Type: CONSTRAINT; Schema: public; Owner: postgres
--

ALTER TABLE ONLY django_session
    ADD CONSTRAINT django_session_pkey PRIMARY KEY (session_key);


--
-- Name: oauth2_provider_accesstoken oauth2_provider_accesstoken_pkey; Type: CONSTRAINT; Schema: public; Owner: postgres
--

ALTER TABLE ONLY oauth2_provider_accesstoken
    ADD CONSTRAINT oauth2_provider_accesstoken_pkey PRIMARY KEY (id);


--
-- Name: oauth2_provider_accesstoken oauth2_provider_accesstoken_token_8af090f8_uniq; Type: CONSTRAINT; Schema: public; Owner: postgres
--

ALTER TABLE ONLY oauth2_provider_accesstoken
    ADD CONSTRAINT oauth2_provider_accesstoken_token_8af090f8_uniq UNIQUE (token);


--
-- Name: oauth2_provider_application oauth2_provider_application_client_id_key; Type: CONSTRAINT; Schema: public; Owner: postgres
--

ALTER TABLE ONLY oauth2_provider_application
    ADD CONSTRAINT oauth2_provider_application_client_id_key UNIQUE (client_id);


--
-- Name: oauth2_provider_application oauth2_provider_application_pkey; Type: CONSTRAINT; Schema: public; Owner: postgres
--

ALTER TABLE ONLY oauth2_provider_application
    ADD CONSTRAINT oauth2_provider_application_pkey PRIMARY KEY (id);


--
-- Name: oauth2_provider_grant oauth2_provider_grant_code_49ab4ddf_uniq; Type: CONSTRAINT; Schema: public; Owner: postgres
--

ALTER TABLE ONLY oauth2_provider_grant
    ADD CONSTRAINT oauth2_provider_grant_code_49ab4ddf_uniq UNIQUE (code);


--
-- Name: oauth2_provider_grant oauth2_provider_grant_pkey; Type: CONSTRAINT; Schema: public; Owner: postgres
--

ALTER TABLE ONLY oauth2_provider_grant
    ADD CONSTRAINT oauth2_provider_grant_pkey PRIMARY KEY (id);


--
-- Name: oauth2_provider_refreshtoken oauth2_provider_refreshtoken_access_token_id_key; Type: CONSTRAINT; Schema: public; Owner: postgres
--

ALTER TABLE ONLY oauth2_provider_refreshtoken
    ADD CONSTRAINT oauth2_provider_refreshtoken_access_token_id_key UNIQUE (access_token_id);


--
-- Name: oauth2_provider_refreshtoken oauth2_provider_refreshtoken_pkey; Type: CONSTRAINT; Schema: public; Owner: postgres
--

ALTER TABLE ONLY oauth2_provider_refreshtoken
    ADD CONSTRAINT oauth2_provider_refreshtoken_pkey PRIMARY KEY (id);


--
-- Name: oauth2_provider_refreshtoken oauth2_provider_refreshtoken_token_d090daa4_uniq; Type: CONSTRAINT; Schema: public; Owner: postgres
--

ALTER TABLE ONLY oauth2_provider_refreshtoken
    ADD CONSTRAINT oauth2_provider_refreshtoken_token_d090daa4_uniq UNIQUE (token);


--
-- Name: profiles_profile profiles_profile_pkey; Type: CONSTRAINT; Schema: public; Owner: postgres
--

ALTER TABLE ONLY profiles_profile
    ADD CONSTRAINT profiles_profile_pkey PRIMARY KEY (id);


--
-- Name: profiles_profile profiles_profile_user_id_key; Type: CONSTRAINT; Schema: public; Owner: postgres
--

ALTER TABLE ONLY profiles_profile
    ADD CONSTRAINT profiles_profile_user_id_key UNIQUE (user_id);


--
-- Name: auth_group_name_a6ea08ec_like; Type: INDEX; Schema: public; Owner: postgres
--

CREATE INDEX auth_group_name_a6ea08ec_like ON auth_group USING btree (name varchar_pattern_ops);


--
-- Name: auth_group_permissions_group_id_b120cbf9; Type: INDEX; Schema: public; Owner: postgres
--

CREATE INDEX auth_group_permissions_group_id_b120cbf9 ON auth_group_permissions USING btree (group_id);


--
-- Name: auth_group_permissions_permission_id_84c5c92e; Type: INDEX; Schema: public; Owner: postgres
--

CREATE INDEX auth_group_permissions_permission_id_84c5c92e ON auth_group_permissions USING btree (permission_id);


--
-- Name: auth_permission_content_type_id_2f476e4b; Type: INDEX; Schema: public; Owner: postgres
--

CREATE INDEX auth_permission_content_type_id_2f476e4b ON auth_permission USING btree (content_type_id);


--
-- Name: auth_user_groups_group_id_97559544; Type: INDEX; Schema: public; Owner: postgres
--

CREATE INDEX auth_user_groups_group_id_97559544 ON auth_user_groups USING btree (group_id);


--
-- Name: auth_user_groups_user_id_6a12ed8b; Type: INDEX; Schema: public; Owner: postgres
--

CREATE INDEX auth_user_groups_user_id_6a12ed8b ON auth_user_groups USING btree (user_id);


--
-- Name: auth_user_user_permissions_permission_id_1fbb5f2c; Type: INDEX; Schema: public; Owner: postgres
--

CREATE INDEX auth_user_user_permissions_permission_id_1fbb5f2c ON auth_user_user_permissions USING btree (permission_id);


--
-- Name: auth_user_user_permissions_user_id_a95ead1b; Type: INDEX; Schema: public; Owner: postgres
--

CREATE INDEX auth_user_user_permissions_user_id_a95ead1b ON auth_user_user_permissions USING btree (user_id);


--
-- Name: auth_user_username_6821ab7c_like; Type: INDEX; Schema: public; Owner: postgres
--

CREATE INDEX auth_user_username_6821ab7c_like ON auth_user USING btree (username varchar_pattern_ops);


--
-- Name: django_admin_log_content_type_id_c4bce8eb; Type: INDEX; Schema: public; Owner: postgres
--

CREATE INDEX django_admin_log_content_type_id_c4bce8eb ON django_admin_log USING btree (content_type_id);


--
-- Name: django_admin_log_user_id_c564eba6; Type: INDEX; Schema: public; Owner: postgres
--

CREATE INDEX django_admin_log_user_id_c564eba6 ON django_admin_log USING btree (user_id);


--
-- Name: django_session_expire_date_a5c62663; Type: INDEX; Schema: public; Owner: postgres
--

CREATE INDEX django_session_expire_date_a5c62663 ON django_session USING btree (expire_date);


--
-- Name: django_session_session_key_c0390e0f_like; Type: INDEX; Schema: public; Owner: postgres
--

CREATE INDEX django_session_session_key_c0390e0f_like ON django_session USING btree (session_key varchar_pattern_ops);


--
-- Name: oauth2_provider_accesstoken_application_id_b22886e1; Type: INDEX; Schema: public; Owner: postgres
--

CREATE INDEX oauth2_provider_accesstoken_application_id_b22886e1 ON oauth2_provider_accesstoken USING btree (application_id);


--
-- Name: oauth2_provider_accesstoken_token_8af090f8_like; Type: INDEX; Schema: public; Owner: postgres
--

CREATE INDEX oauth2_provider_accesstoken_token_8af090f8_like ON oauth2_provider_accesstoken USING btree (token varchar_pattern_ops);


--
-- Name: oauth2_provider_accesstoken_user_id_6e4c9a65; Type: INDEX; Schema: public; Owner: postgres
--

CREATE INDEX oauth2_provider_accesstoken_user_id_6e4c9a65 ON oauth2_provider_accesstoken USING btree (user_id);


--
-- Name: oauth2_provider_application_client_id_03f0cc84_like; Type: INDEX; Schema: public; Owner: postgres
--

CREATE INDEX oauth2_provider_application_client_id_03f0cc84_like ON oauth2_provider_application USING btree (client_id varchar_pattern_ops);


--
-- Name: oauth2_provider_application_client_secret_53133678; Type: INDEX; Schema: public; Owner: postgres
--

CREATE INDEX oauth2_provider_application_client_secret_53133678 ON oauth2_provider_application USING btree (client_secret);


--
-- Name: oauth2_provider_application_client_secret_53133678_like; Type: INDEX; Schema: public; Owner: postgres
--

CREATE INDEX oauth2_provider_application_client_secret_53133678_like ON oauth2_provider_application USING btree (client_secret varchar_pattern_ops);


--
-- Name: oauth2_provider_application_user_id_79829054; Type: INDEX; Schema: public; Owner: postgres
--

CREATE INDEX oauth2_provider_application_user_id_79829054 ON oauth2_provider_application USING btree (user_id);


--
-- Name: oauth2_provider_grant_application_id_81923564; Type: INDEX; Schema: public; Owner: postgres
--

CREATE INDEX oauth2_provider_grant_application_id_81923564 ON oauth2_provider_grant USING btree (application_id);


--
-- Name: oauth2_provider_grant_code_49ab4ddf_like; Type: INDEX; Schema: public; Owner: postgres
--

CREATE INDEX oauth2_provider_grant_code_49ab4ddf_like ON oauth2_provider_grant USING btree (code varchar_pattern_ops);


--
-- Name: oauth2_provider_grant_user_id_e8f62af8; Type: INDEX; Schema: public; Owner: postgres
--

CREATE INDEX oauth2_provider_grant_user_id_e8f62af8 ON oauth2_provider_grant USING btree (user_id);


--
-- Name: oauth2_provider_refreshtoken_application_id_2d1c311b; Type: INDEX; Schema: public; Owner: postgres
--

CREATE INDEX oauth2_provider_refreshtoken_application_id_2d1c311b ON oauth2_provider_refreshtoken USING btree (application_id);


--
-- Name: oauth2_provider_refreshtoken_token_d090daa4_like; Type: INDEX; Schema: public; Owner: postgres
--

CREATE INDEX oauth2_provider_refreshtoken_token_d090daa4_like ON oauth2_provider_refreshtoken USING btree (token varchar_pattern_ops);


--
-- Name: oauth2_provider_refreshtoken_user_id_da837fce; Type: INDEX; Schema: public; Owner: postgres
--

CREATE INDEX oauth2_provider_refreshtoken_user_id_da837fce ON oauth2_provider_refreshtoken USING btree (user_id);


--
-- Name: auth_group_permissions auth_group_permissio_permission_id_84c5c92e_fk_auth_perm; Type: FK CONSTRAINT; Schema: public; Owner: postgres
--

ALTER TABLE ONLY auth_group_permissions
    ADD CONSTRAINT auth_group_permissio_permission_id_84c5c92e_fk_auth_perm FOREIGN KEY (permission_id) REFERENCES auth_permission(id) DEFERRABLE INITIALLY DEFERRED;


--
-- Name: auth_group_permissions auth_group_permissions_group_id_b120cbf9_fk_auth_group_id; Type: FK CONSTRAINT; Schema: public; Owner: postgres
--

ALTER TABLE ONLY auth_group_permissions
    ADD CONSTRAINT auth_group_permissions_group_id_b120cbf9_fk_auth_group_id FOREIGN KEY (group_id) REFERENCES auth_group(id) DEFERRABLE INITIALLY DEFERRED;


--
-- Name: auth_permission auth_permission_content_type_id_2f476e4b_fk_django_co; Type: FK CONSTRAINT; Schema: public; Owner: postgres
--

ALTER TABLE ONLY auth_permission
    ADD CONSTRAINT auth_permission_content_type_id_2f476e4b_fk_django_co FOREIGN KEY (content_type_id) REFERENCES django_content_type(id) DEFERRABLE INITIALLY DEFERRED;


--
-- Name: auth_user_groups auth_user_groups_group_id_97559544_fk_auth_group_id; Type: FK CONSTRAINT; Schema: public; Owner: postgres
--

ALTER TABLE ONLY auth_user_groups
    ADD CONSTRAINT auth_user_groups_group_id_97559544_fk_auth_group_id FOREIGN KEY (group_id) REFERENCES auth_group(id) DEFERRABLE INITIALLY DEFERRED;


--
-- Name: auth_user_groups auth_user_groups_user_id_6a12ed8b_fk_auth_user_id; Type: FK CONSTRAINT; Schema: public; Owner: postgres
--

ALTER TABLE ONLY auth_user_groups
    ADD CONSTRAINT auth_user_groups_user_id_6a12ed8b_fk_auth_user_id FOREIGN KEY (user_id) REFERENCES auth_user(id) DEFERRABLE INITIALLY DEFERRED;


--
-- Name: auth_user_user_permissions auth_user_user_permi_permission_id_1fbb5f2c_fk_auth_perm; Type: FK CONSTRAINT; Schema: public; Owner: postgres
--

ALTER TABLE ONLY auth_user_user_permissions
    ADD CONSTRAINT auth_user_user_permi_permission_id_1fbb5f2c_fk_auth_perm FOREIGN KEY (permission_id) REFERENCES auth_permission(id) DEFERRABLE INITIALLY DEFERRED;


--
-- Name: auth_user_user_permissions auth_user_user_permissions_user_id_a95ead1b_fk_auth_user_id; Type: FK CONSTRAINT; Schema: public; Owner: postgres
--

ALTER TABLE ONLY auth_user_user_permissions
    ADD CONSTRAINT auth_user_user_permissions_user_id_a95ead1b_fk_auth_user_id FOREIGN KEY (user_id) REFERENCES auth_user(id) DEFERRABLE INITIALLY DEFERRED;


--
-- Name: django_admin_log django_admin_log_content_type_id_c4bce8eb_fk_django_co; Type: FK CONSTRAINT; Schema: public; Owner: postgres
--

ALTER TABLE ONLY django_admin_log
    ADD CONSTRAINT django_admin_log_content_type_id_c4bce8eb_fk_django_co FOREIGN KEY (content_type_id) REFERENCES django_content_type(id) DEFERRABLE INITIALLY DEFERRED;


--
-- Name: django_admin_log django_admin_log_user_id_c564eba6_fk_auth_user_id; Type: FK CONSTRAINT; Schema: public; Owner: postgres
--

ALTER TABLE ONLY django_admin_log
    ADD CONSTRAINT django_admin_log_user_id_c564eba6_fk_auth_user_id FOREIGN KEY (user_id) REFERENCES auth_user(id) DEFERRABLE INITIALLY DEFERRED;


--
-- Name: oauth2_provider_accesstoken oauth2_provider_accesstoken_application_id_b22886e1_fk; Type: FK CONSTRAINT; Schema: public; Owner: postgres
--

ALTER TABLE ONLY oauth2_provider_accesstoken
    ADD CONSTRAINT oauth2_provider_accesstoken_application_id_b22886e1_fk FOREIGN KEY (application_id) REFERENCES oauth2_provider_application(id) DEFERRABLE INITIALLY DEFERRED;


--
-- Name: oauth2_provider_accesstoken oauth2_provider_accesstoken_user_id_6e4c9a65_fk_auth_user_id; Type: FK CONSTRAINT; Schema: public; Owner: postgres
--

ALTER TABLE ONLY oauth2_provider_accesstoken
    ADD CONSTRAINT oauth2_provider_accesstoken_user_id_6e4c9a65_fk_auth_user_id FOREIGN KEY (user_id) REFERENCES auth_user(id) DEFERRABLE INITIALLY DEFERRED;


--
-- Name: oauth2_provider_application oauth2_provider_application_user_id_79829054_fk_auth_user_id; Type: FK CONSTRAINT; Schema: public; Owner: postgres
--

ALTER TABLE ONLY oauth2_provider_application
    ADD CONSTRAINT oauth2_provider_application_user_id_79829054_fk_auth_user_id FOREIGN KEY (user_id) REFERENCES auth_user(id) DEFERRABLE INITIALLY DEFERRED;


--
-- Name: oauth2_provider_grant oauth2_provider_grant_application_id_81923564_fk; Type: FK CONSTRAINT; Schema: public; Owner: postgres
--

ALTER TABLE ONLY oauth2_provider_grant
    ADD CONSTRAINT oauth2_provider_grant_application_id_81923564_fk FOREIGN KEY (application_id) REFERENCES oauth2_provider_application(id) DEFERRABLE INITIALLY DEFERRED;


--
-- Name: oauth2_provider_grant oauth2_provider_grant_user_id_e8f62af8_fk_auth_user_id; Type: FK CONSTRAINT; Schema: public; Owner: postgres
--

ALTER TABLE ONLY oauth2_provider_grant
    ADD CONSTRAINT oauth2_provider_grant_user_id_e8f62af8_fk_auth_user_id FOREIGN KEY (user_id) REFERENCES auth_user(id) DEFERRABLE INITIALLY DEFERRED;


--
-- Name: oauth2_provider_refreshtoken oauth2_provider_refreshtoken_access_token_id_775e84e8_fk; Type: FK CONSTRAINT; Schema: public; Owner: postgres
--

ALTER TABLE ONLY oauth2_provider_refreshtoken
    ADD CONSTRAINT oauth2_provider_refreshtoken_access_token_id_775e84e8_fk FOREIGN KEY (access_token_id) REFERENCES oauth2_provider_accesstoken(id) DEFERRABLE INITIALLY DEFERRED;


--
-- Name: oauth2_provider_refreshtoken oauth2_provider_refreshtoken_application_id_2d1c311b_fk; Type: FK CONSTRAINT; Schema: public; Owner: postgres
--

ALTER TABLE ONLY oauth2_provider_refreshtoken
    ADD CONSTRAINT oauth2_provider_refreshtoken_application_id_2d1c311b_fk FOREIGN KEY (application_id) REFERENCES oauth2_provider_application(id) DEFERRABLE INITIALLY DEFERRED;


--
-- Name: oauth2_provider_refreshtoken oauth2_provider_refreshtoken_user_id_da837fce_fk_auth_user_id; Type: FK CONSTRAINT; Schema: public; Owner: postgres
--

ALTER TABLE ONLY oauth2_provider_refreshtoken
    ADD CONSTRAINT oauth2_provider_refreshtoken_user_id_da837fce_fk_auth_user_id FOREIGN KEY (user_id) REFERENCES auth_user(id) DEFERRABLE INITIALLY DEFERRED;


--
-- Name: profiles_profile profiles_profile_user_id_a3e81f91_fk_auth_user_id; Type: FK CONSTRAINT; Schema: public; Owner: postgres
--

ALTER TABLE ONLY profiles_profile
    ADD CONSTRAINT profiles_profile_user_id_a3e81f91_fk_auth_user_id FOREIGN KEY (user_id) REFERENCES auth_user(id) DEFERRABLE INITIALLY DEFERRED;


--
-- PostgreSQL database dump complete
--

\connect template1

SET default_transaction_read_only = off;

--
-- PostgreSQL database dump
--

-- Dumped from database version 10.1
-- Dumped by pg_dump version 10.1

SET statement_timeout = 0;
SET lock_timeout = 0;
SET idle_in_transaction_session_timeout = 0;
SET client_encoding = 'UTF8';
SET standard_conforming_strings = on;
SET check_function_bodies = false;
SET client_min_messages = warning;
SET row_security = off;

--
-- Name: template1; Type: COMMENT; Schema: -; Owner: postgres
--

COMMENT ON DATABASE template1 IS 'default template for new databases';


--
-- Name: plpgsql; Type: EXTENSION; Schema: -; Owner: 
--

CREATE EXTENSION IF NOT EXISTS plpgsql WITH SCHEMA pg_catalog;


--
-- Name: EXTENSION plpgsql; Type: COMMENT; Schema: -; Owner: 
--

COMMENT ON EXTENSION plpgsql IS 'PL/pgSQL procedural language';


--
-- PostgreSQL database dump complete
--

--
-- PostgreSQL database cluster dump complete
--

